Username,Email,Password,Age,Planned Trips,Disabilities
epatterson,kari15@example.net,%5S$t3F8+I,29,4,None
pgonzalez,brenda30@example.net,n&3Gjxgw(4,42,10,None
millermelissa,brandonknox@example.net,he6rRHbe+t,31,10,None
luis75,fneal@example.org,%9PLAdX^dP,31,8,None
marshallamber,john33@example.com,0erA)Bzr^K,39,3,None
bradwright,zwhite@example.com,#0a)NDfJ7s,41,3,None
qtanner,waltersdonald@example.net,ESYluh*7_5,38,8,None
martinezkathryn,uwilson@example.org,pt8(A4GnzD,51,4,None
zriley,brownrebecca@example.net,&fmHxs2aJ0,50,9,None
cookmichelle,brittany62@example.net,)r29)UDfrk,68,5,Cognitive
rachelharmon,brittanycohen@example.net,ecH0t7WWd^,56,3,None
heatherkirk,westangelica@example.org,p8!JHpZs(z,27,1,Cognitive
henrystokes,mark55@example.net,e@MlEZLx(5,60,1,Cognitive
pamelagriffin,prandall@example.com,cd_0CKjs6@,55,0,None
dillonmichael,joneselizabeth@example.org,@1N^o6GqNL,56,1,Mobility
vdickerson,jwoods@example.net,Qa4S4OzE*3,52,4,None
nunezsusan,estanley@example.net,*kQuUcR2B7,80,5,None
paula80,rbarber@example.net,)glKK#!fi0,19,5,None
emily11,lowedonna@example.org,)l9cXW$o2$,37,8,None
delgadobecky,adam06@example.com,Ny(HiQIl(3,25,10,None
nicoletaylor,michellefoster@example.net,yl(*J1TQ8#,76,5,Cognitive
briannalewis,caitlinbaker@example.com,^zZEqZWUu3,76,6,Visual
freemannathaniel,phillip31@example.org,Q+67Z9@as(,52,2,None
ssmith,james84@example.com,K@N3oBcnu5,80,1,None
dicksoncaleb,aprilsantos@example.com,uA#3PLc3rt,58,4,None
claudiaryan,tjarvis@example.org,J&8IzXh(OG,54,8,None
sean72,courtney49@example.net,#SqLIXk118,28,4,None
patriciabrown,christinabush@example.org,&6QYFGxf4*,27,3,None
hbaxter,melinda24@example.com,i5tDcHqs*9,61,6,None
mary34,renee65@example.net,T63OogU)h+,60,3,None
williambryant,wandasmith@example.com,+^KxKrf*s8,28,1,None
xkelly,robertjimenez@example.com,72voDx$g^@,43,0,Mobility
onoble,emilyguerrero@example.org,Q_53JPBk58,79,3,Mobility
william63,nicholasjones@example.org,*TO*4P*cR2,47,9,None
andrewreese,stacy15@example.net,+2359ZxiQ1,36,4,None
karen50,warren23@example.com,#yN9UID_o#,44,10,Cognitive
andreapeterson,omcneil@example.com,!6)PixGE)E,50,5,None
jperez,kathymyers@example.com,J7kbssAi$9,35,5,None
robert77,longcourtney@example.com,R1rnGj^4@a,48,10,None
pnash,jamie30@example.org,&6fYIZznQz,30,6,None
lpearson,zcampbell@example.com,g5Ad4@x4(M,27,9,Visual
williamolson,wkane@example.net,+5XTQjHAEq,58,7,None
jordanthomas,matthew53@example.org,W(e1#SXc#C,79,9,None
cbraun,dgarcia@example.com,#VaR@8VaGD,47,8,None
cody61,uboyd@example.org,lCM6qlDh@4,35,2,None
amontgomery,ashley05@example.com,_n$6S7Fq^%,47,4,Visual
quinnrhonda,anthony34@example.net,*tCOv#aRq5,77,3,Mobility
kmanning,loganfranco@example.com,tTh8JHRjV&,40,2,None
johnunderwood,joshua65@example.org,@_DSoUhq0B,29,6,None
vliu,andrew55@example.net,U2IGQbjq*+,50,6,None
curtis47,imyers@example.com,%MN9OuRdo*,79,6,None
kharrison,collinssarah@example.com,#z8xOi1w&e,48,5,Visual
mhill,janicebuchanan@example.net,!UQbag7FB6,21,7,None
mcarr,ortegakevin@example.org,h&B7h4Gc&T,55,7,Cognitive
andersonthomas,dukedavid@example.net,h+bYTr_N@7,38,9,Visual
kbaird,caitlinmcdonald@example.net,^6KTHv7%Ef,67,8,None
montgomerycheryl,nicole95@example.com,uh^1LVmcN*,42,2,None
donald45,gordondebra@example.com,x2pCpR+g$&,73,0,Visual
christopher50,michaelhurley@example.net,f*9)%BDjqz,63,5,None
ejohnston,castrodavid@example.net,3#d02Ovm!N,29,6,Visual
hollandmiranda,francoanthony@example.com,I@A#6Iy8+1,18,0,None
claytondavid,millermary@example.org,ce1C7oD*!o,22,10,None
smithmichael,pwood@example.org,da9IHZXt+@,25,4,None
robert20,elizabethcharles@example.net,0(Y0xVf0Pi,28,5,None
martinezjuan,vadams@example.com,k*r9B0z*^a,56,3,None
stanleyhubbard,lindaanderson@example.net,($No1^vQ^3,47,9,Visual
carrie18,amanda96@example.org,^9HJfnnm#T,44,4,Cognitive
chendonald,michelle86@example.org,BcVE2)cB#5,38,8,None
zholmes,larry19@example.com,&2Ye^LTrt&,18,3,None
tannerlaura,linda32@example.com,F&2C4BNwXU,67,9,Cognitive
alexanderstacy,clarkkurt@example.org,Ho#OwTn*$4,29,9,None
vanessapeck,haroldgarza@example.com,oq_1GMgCt@,58,5,None
ulyons,graytonya@example.org,E3Bv9_MyL!,77,0,Cognitive
steve70,nicoleflowers@example.org,__4PyNYI0S,48,4,Visual
ohenson,justinhunt@example.com,pA9^iBmJ$s,46,7,Mobility
wmullins,carsonmatthew@example.com,Cuak%Jy&*9,66,10,None
gregory56,aaron59@example.com,i!6V7VzarI,44,9,Cognitive
josephbailey,johnnymack@example.net,2ja2)oXcs),39,8,Cognitive
savannaharmstrong,vchavez@example.org,+vV_UaPU28,67,3,None
matthewgonzalez,watersnicole@example.com,M*0XROg71&,23,2,None
rodriguezcorey,jonathanellis@example.net,+bze2Vkpo5,62,7,None
oeverett,umedina@example.com,Xd)#9DzeBK,63,1,None
williambailey,brobertson@example.org,h8UHCQFl+T,71,3,None
alishahernandez,thompsonkevin@example.org,(6Y0bY4ktN,42,10,None
csuarez,hernandezderek@example.org,hl93VZD%p#,39,2,None
cristian08,franklin79@example.net,@@7V8RuwCL,38,8,None
john92,ghoward@example.net,$Ow9HfaEF0,24,1,None
collinsdaniel,amandamitchell@example.com,(t30KN@b^(,44,6,None
nfarrell,jenningsshelley@example.org,9vYys3ho!F,32,0,None
stevensroy,michael11@example.org,3_j!Jxm7(r,40,3,None
amy49,matthewortiz@example.com,bd1RJZdA%2,23,9,None
davismelissa,ryan23@example.net,@8sNsaZc0w,68,0,None
shannonbradley,loriholmes@example.net,)01M%@*rge,43,4,Visual
jeffery00,ireyes@example.com,+lIbf0&oN1,63,4,None
gsanchez,connie00@example.net,_)_fOnEbo0,63,10,Visual
owilson,jking@example.net,1P#5Faf4$A,46,1,None
david54,crystal79@example.net,^vy*%TMz6b,63,8,None
brandon91,sotokelly@example.org,)i9Zyav)V3,39,9,None
arnoldmaria,nancy55@example.org,*@C99yeDT9,24,6,Cognitive
carriejimenez,kylejones@example.net,$x3LfbEiG6,33,3,None
hernandeztodd,hendrixwendy@example.net,wtitBFxp$3,39,5,None
williamsalexandra,akelly@example.net,x_kH7SUuO+,51,2,None
christinamahoney,ymoore@example.net,T#0eYjxTPr,42,6,Mobility
wgray,dana41@example.net,v9EKIn6e%I,68,1,Visual
kgoodwin,christine08@example.com,b7(DOlDu!V,80,4,None
leerobert,brianrobinson@example.net,)_2UzUrg#o,71,9,None
ykeller,ambermckenzie@example.org,j@8@O(IbaX,67,4,Mobility
danasanchez,benjamin43@example.net,jrq@2gDiom,74,6,None
walkerheather,rodriguezdana@example.com,uZMIfzjP(2,76,3,Mobility
amystewart,ichavez@example.com,@PS9UREbk5,76,1,None
hogantammy,alexanderhill@example.org,#U9NVAeQMK,56,3,None
lchaney,susanwilliams@example.org,&7^8T+9U6n,41,2,None
thomas87,joel05@example.net,Y2UJTzfj%$,74,4,None
millerjoseph,qmartinez@example.org,4E8AV8sV!L,69,9,None
myersalex,ortegarobin@example.com,DW0CqCAWG(,27,5,Mobility
sierrajohnson,wsanchez@example.com,!v!3YG8qIt,52,7,None
obanks,kimchapman@example.com,)11AiwbHZ1,20,8,Cognitive
melaniespence,velasquezaustin@example.com,&#(dYAVm03,61,8,None
nelsonkyle,ucamacho@example.org,p!25995vVR,23,1,Mobility
charles08,victor10@example.org,4tRLL4J%@e,64,0,None
william91,zmiller@example.com,M54E#Zms$u,52,2,None
russellanthony,jrodriguez@example.com,&0&1YpNuE#,57,1,None
sandra85,timothy13@example.org,&Vd5LGcnT!,52,1,None
noahwilliams,heatherhardy@example.com,*tLmMg6P3a,80,2,None
toddmorris,william48@example.net,Yb2Huoy7R+,68,10,None
pamelawade,jeremytyler@example.net,(D5bhG2s$c,60,3,None
penningtondaniel,nathaniel48@example.com,(6AI&yn)Fo,48,1,None
mcdonaldheather,juanbowman@example.org,5^4UERbY&W,32,9,None
kristen10,jordan66@example.net,(8a4#Y6qB@,20,6,None
nsmall,kbarker@example.com,OY)5pZfXAF,36,10,None
lopezwilliam,qsimpson@example.net,c9Mh6hqE(7,73,9,Cognitive
beckerscott,scottlarry@example.net,EP003bNh%H,66,2,None
rnash,kfowler@example.com,oG85MZxK3&,74,1,Visual
cynthiacook,justin40@example.net,+a2JtVm7^5,60,8,None
hammondsara,whitakerjerome@example.com,N5Zy$6UG@P,67,6,None
robert42,mreed@example.com,C2ABg&lm^2,26,6,None
benjamin40,steven44@example.net,^5(fRdsUcr,28,5,None
larry25,wtaylor@example.net,X2I0tGgs)6,32,6,None
xhines,reedamanda@example.net,$M5zP*aqY&,38,1,None
christopher62,harperbenjamin@example.com,X35B2_u2*0,68,9,Cognitive
robin34,sandra52@example.net,Or^F2OdW_7,21,6,None
kevinmclaughlin,christian13@example.net,W&@7YDt#vO,23,4,None
jessicabarnes,fgonzales@example.org,Q#^^4JSqg@,23,1,None
monicatorres,michaelfernandez@example.net,_3W#vot@%x,57,9,None
ruthodom,westsierra@example.org,K(JvS%Bf+7,52,10,Visual
rcook,robin24@example.org,N^v$6DkUoh,78,3,None
kimberly99,richardjones@example.org,j3T!A_f8#S,74,2,None
elizabethcraig,james70@example.net,6s5TSyvdw!,61,6,None
patrick68,amy72@example.net,0@T4&Akw5_,49,9,Cognitive
jeffrey26,eatonashley@example.net,^CG8v9Q7t3,47,9,None
dennisclark,erica74@example.net,tjuMIJvN+0,67,2,None
adrian21,lucasricardo@example.org,V3$4SFi+CJ,36,0,None
fbrown,tgarcia@example.com,$XT2x8h5E$,75,10,None
flewis,youngrobert@example.net,1P(!lBzQ*s,27,5,Cognitive
briannayoung,longjeffrey@example.com,p2+MFrvI@d,29,6,Cognitive
victorchase,vcastillo@example.org,(9ZEYkSr$S,42,2,Visual
anne37,danawilkerson@example.com,E%8oW!fo)2,47,2,None
jeremystewart,cindy27@example.net,&lP7FwvuV(,29,6,None
zacharymoran,yjones@example.com,r__E25iG&S,70,9,None
evillarreal,racheljones@example.net,Q#EYBeSr(3,66,2,Mobility
pjackson,glenn40@example.org,A!f2f^FaNw,26,5,None
jennifer14,jameswarner@example.com,kU(5oC5zqI,25,10,None
tiffany16,davenportamanda@example.net,o1NrTa#X)Y,60,3,Mobility
qmiller,amy41@example.com,^1Y#tOHq!j,32,0,None
zarmstrong,nguyendaniel@example.com,)0G)pwzSIe,29,1,Visual
ggutierrez,angelastout@example.com,24RKiXjt^c,18,10,None
ybyrd,danieljerry@example.net,)*Zf!JUn7y,66,0,Visual
melanie32,usmith@example.com,%8fLvpaPXY,29,0,Visual
martinezjacob,christophervelez@example.net,$a3UA9ZsHM,29,4,None
cooleyheather,bradymora@example.com,20nVe)Ri$u,28,6,Mobility
opugh,lsmith@example.org,!H3M+Nww#R,77,4,None
ablanchard,heatherandrews@example.org,)4VWiDl8gp,42,2,None
fostererin,pennyschneider@example.net,R!1dbSYp@P,54,7,None
mriley,stevenspears@example.org,K0BsvXkJ+0,66,0,None
michael07,morrisjeremy@example.com,%%1S#tg3yt,21,6,None
michaelhall,fheath@example.com,!Fc8AEr8#^,33,3,None
bradbecker,trannathaniel@example.com,_92vQVl)8C,67,1,None
dawnmay,kristopherclark@example.org,@8!jpFToS3,31,6,None
ddavis,rebecca40@example.net,VW26cGxp&*,79,1,None
lovekelsey,tshaw@example.org,#jS4E)(%h@,46,3,None
tuckerdevon,jamespadilla@example.org,9)F+00REyl,73,1,Visual
molinamargaret,zacevedo@example.org,PrTnrfEg*6,34,1,Visual
fgalloway,grahamkatie@example.net,(H*4IvNa4B,78,6,None
scottmitchell,wattsjoseph@example.net,Ah2(2+Tr&5,78,3,Mobility
dawn23,moorejeffrey@example.net,+5xT7Fzffg,37,0,None
kmyers,xjones@example.net,08$r88Wu@n,22,1,None
dyergary,hunterelizabeth@example.org,D6EZF8X*(c,71,1,None
douglas71,cowanjoel@example.org,nC221PSt_!,20,0,Mobility
toddrodriguez,reeveshannah@example.net,*mc0oNnA!D,31,1,Mobility
danieladams,randallcastillo@example.net,o&O3Lsbu!y,51,3,Visual
yduke,ubailey@example.org,(MhxN(Jw8k,51,0,None
hunterdavis,howelldonald@example.net,T^3CEPkWgm,42,7,None
thomasmelton,anneross@example.net,*@HZz7rw!5,74,3,None
williamslori,sarahhenry@example.net,%3OYIuqb&9,78,3,Cognitive
vphelps,jenniferbrown@example.com,^8%gbLfpYG,20,2,None
bergjanice,amyrodriguez@example.com,k428L8Aj%5,37,10,None
misty22,michaelbrown@example.net,$1g3Xnx&Ps,23,1,None
woodjacob,btaylor@example.net,$UOnCz&k04,65,0,None
scottclark,stewartcarl@example.org,39M2kWRp$5,51,3,Mobility
johnnelson,adamwilson@example.net,R*29QqZiqL,28,2,None
