Username,Email,Password,Age,Planned Trips,Disabilities
ashley45,erica08@example.org,ru5F6jYoA(,63,9,Cognitive
timothysingh,hernandezallison@example.org,M5OyAkKt@I,50,10,None
carolyncruz,natalie58@example.com,$7$SWVilCv,46,3,None
amandahiggins,anthonyleon@example.org,&)Nl9rDyXS,48,7,Cognitive
tlong,lisaholland@example.com,9MTOLi6y$j,60,6,Visual
carlsonjesus,tbautista@example.com,+a1hIrHbK@,67,3,None
youngshawn,bgraham@example.org,oq^L0On5Yu,73,7,None
shawn73,pamela48@example.net,&4h9poXgy1,80,3,None
amy29,mariawolfe@example.com,^#U3_onYc4,25,5,None
stacy62,rdaniel@example.com,T+0JLcuIii,54,2,None
zcunningham,david24@example.net,%zWi!M2t)6,75,1,Mobility
wolfesandra,mccartycrystal@example.org,#75XUY+hnc,31,3,None
nguyenbeverly,charlesjacobs@example.com,*N0PRsW2*h,37,1,None
christopherobrien,hfrye@example.net,$b!1DDMshb,38,2,None
jamesrivera,jacobking@example.org,0%f8Va7Sr3,21,7,Mobility
randall90,xking@example.com,jQc5dhWol+,49,0,None
osmith,joelwong@example.org,cWM88Yyb+X,65,1,Cognitive
wscott,jason97@example.com,+p7*LWk1Yz,47,2,None
srios,brian35@example.net,$2sN9VjEa^,28,7,None
maxwellrandy,collinsholly@example.net,Bt7(TkeU5!,48,8,Cognitive
sheilaedwards,amy73@example.com,!76V5hkwGV,27,4,None
barbara79,lesliepitts@example.org,&(CBOjNqp6,54,6,None
shawnvargas,matthewshaw@example.org,62ANK+m4$g,78,6,None
williamsjacqueline,reneeblankenship@example.com,C@8Kj2Gs4$,18,2,Cognitive
shawjoseph,andrewrodriguez@example.org,+D9Zurc2!5,22,0,None
kramermary,rebeccagrant@example.org,^)i4^YOwN+,68,7,None
youngjohn,bellwilliam@example.net,r@as6xW%Dp,24,3,Mobility
stephanie00,poolerobert@example.org,f8@fJlZm%0,22,3,None
michael39,megan40@example.com,!Zd9HUs8V@,71,0,None
nolanwilliam,john71@example.net,$L9VI(rv#k,71,1,None
kenneth29,smithlucas@example.net,@vBKKgK@d8,33,5,Visual
smithchelsey,elizabeth43@example.org,hwIWCTJa+9,47,5,Visual
joneskelly,elizabethspencer@example.com,6Nif8rZuE_,56,4,None
holly69,brooksclayton@example.com,$P9&W4s9+!,60,7,Visual
stevennorton,markschelsea@example.org,&0vGRLiLX3,41,3,None
phamtracey,oliverchelsea@example.net,80_WCLm8)A,79,2,Cognitive
nicole25,jose16@example.com,&W81V@RoSn,68,3,None
wreyes,jonesamy@example.org,3h!2*Wgr1g,52,4,Visual
zmccarthy,kaiserjane@example.org,7*HGk$tz*L,67,0,None
davidsonandrew,shawn79@example.org,h4$5Q$edz^,22,1,Visual
aevans,nicholas92@example.com,57qYr4rf&F,32,5,Mobility
richardsonbarry,erice@example.net,q&bry7EqMx,19,4,Mobility
pricedeborah,keith48@example.net,(4V62fbsEX,66,3,Mobility
megan61,maymadison@example.com,C*9)0jAsiT,41,10,None
kayla90,nathangarcia@example.org,@kNdswzUx1,66,6,None
williamssharon,bradfordamy@example.com,)jlEr+GHW2,57,8,Visual
vgutierrez,shancock@example.org,_6_6NEDqS9,18,2,None
nicholskristine,chayes@example.org,*2UmI7PmU#,49,4,Cognitive
vjackson,stephanieschmitt@example.com,HEX*4(Fs)H,57,9,None
theodore52,singhkyle@example.net,_YVAhujLf2,59,4,None
jeffreylewis,lynn64@example.org,@ZTDunKdi1,76,2,None
stephanie54,iharris@example.com,^iQXbUSf2(,45,7,Visual
valdezjennifer,kcoleman@example.org,+mmJiq8a7f,36,4,None
zherrera,frobinson@example.org,K1SpoiDA+4,24,6,None
matthew98,katrina86@example.org,+3O8Gnv$$d,18,4,Visual
janice37,matthew36@example.org,L!8#)3YxK9,57,8,None
pricejohn,amandahill@example.org,XB3bBvqP&g,69,4,None
colleen69,johnsonkevin@example.net,1+3KnVBvA@,65,6,None
nathaniellewis,shellytyler@example.com,$7Aldupa1X,30,7,None
natasha76,bryanttracey@example.com,X_s2Ujbu%3,62,6,None
brandon76,kbowers@example.net,7JyIHzcX_Y,50,9,Cognitive
sterrell,christinechristensen@example.org,K0i5DCzz&1,45,1,None
ramirezbrenda,timwilson@example.org,x7U8ScE#^e,54,7,None
derrick58,hburke@example.com,s+4jsR$tT2,29,8,None
nicholsnicholas,gregory81@example.com,iX)e9ThV#!,70,5,Cognitive
robertgarza,dawnwhite@example.org,(3RGF2audY,43,8,Mobility
ewalker,madeline47@example.net,!8nqSY11Nb,76,0,None
ariel04,kyle90@example.org,$3sRP^ktfO,78,6,None
marysimpson,smithrachel@example.net,ck7OpLtsL*,77,6,None
qosborne,huangchristian@example.com,(O^4SFnk!2,34,5,Visual
bondjacqueline,pollardcraig@example.org,8gNMJ*kf*9,71,5,None
nwilson,benjaminwilson@example.org,ylX2QZPNd%,53,10,Mobility
phanson,costaaaron@example.net,%+4352Tgv*,53,7,None
vdavis,lindajones@example.net,t(gj753hbC,24,10,None
dmoore,angelica80@example.com,lYg65XGn#9,54,3,None
mendozacharles,ifowler@example.net,m723pcJxF^,49,10,None
kenneth67,mindysingh@example.org,Ldy98Xmo*n,31,4,None
michellegutierrez,charper@example.net,fR1A@*t8&i,57,10,Cognitive
jessenorman,williamlane@example.org,%6a$1IOnQ6,57,8,Visual
joshua60,montoyamichael@example.com,Vp1GEp4b_J,48,3,None
heather70,christian30@example.org,$5NVgX&c#h,31,2,None
wayne88,davisanne@example.com,6&QQ2e$s*T,55,10,None
karensmith,shieldsvanessa@example.net,(zYTNwTMa9,35,2,Mobility
nguyendarrell,iduke@example.net,S)7sJi^lFM,27,1,None
sbeasley,markjohnson@example.org,Z*O3)Akb*I,51,0,None
mrivas,zachary73@example.net,1*QeJ!$x*H,70,2,None
ghernandez,ericahoffman@example.net,mOq9_UoZ*3,76,4,Visual
gomezluke,lhammond@example.com,bu1Xi%bb^#,45,8,Visual
jacquelinestevens,amywoods@example.com,*P_)O8Cx%_,53,0,Mobility
cartererica,donovanrebecca@example.net,rog63PDr6),41,10,None
dwilson,vanessa06@example.org,s63XgWKr#E,61,0,None
hessdavid,brianaanderson@example.net,U!5XufyZEn,44,1,None
ihansen,jenna44@example.org,gf(WHe%z!8,25,2,None
katelynsandoval,sotoedward@example.com,)9EqohGt%K,69,6,None
tbrown,nicholashall@example.org,CzW24d3K$8,70,8,None
andrew78,ncole@example.org,^33VEw$tXp,23,5,None
davidoliver,dgray@example.com,DU95Unih)v,27,0,None
lisaolsen,russelljoshua@example.org,V0oYW*Id8_,33,2,None
deniserodriguez,justin67@example.com,*R6TAXyf1v,19,3,Cognitive
adriennemills,karl81@example.net,AdKr0N+LL@,51,9,Cognitive
xmolina,nguyenjustin@example.net,_^2nSNUil1,78,8,None
farrelldavid,oblankenship@example.net,Ip2BRpPo!q,39,5,None
davisanthony,kingeddie@example.com,H(@U5+Rk%Z,48,6,Visual
cjones,bspencer@example.org,_i7OZB3xgs,54,9,None
pamelajohnson,rebecca19@example.org,8r#6#Er+I&,35,4,Cognitive
tbradley,simmonsmatthew@example.net,B^5OOU4j6j,19,6,None
carlosholt,hughesjoe@example.net,D%r5gyL@Zs,55,10,None
tvaughn,sharon35@example.net,*OBMewtL$0,79,6,None
ksmith,tina17@example.net,s0c^1VcJ^B,71,6,None
lindasantos,joy17@example.net,*d6UMFlKl9,48,1,Cognitive
phillip16,jeffreyreyes@example.com,_R8L9f5qXl,18,1,Mobility
pittmanholly,shannonjohnson@example.net,!5ZV*gEt_A,49,4,None
sullivanlinda,jessica28@example.com,0(32Qq^x+w,57,7,Visual
hullregina,morsebrian@example.org,iEq^9tixW^,18,9,None
maldonadodavid,dianerodriguez@example.org,+oN10RaG)6,57,0,None
antonio27,kellerdavid@example.org,9cGD@#A+%0,24,3,None
oriley,johnsonkelsey@example.org,s9AMQt80%c,32,4,None
jackhernandez,williamgordon@example.net,#&Hw56$Tc8,52,4,None
upreston,michael70@example.net,#fTCdaM#3Y,37,6,None
darrelltorres,martinezdavid@example.org,w&N65KbOt+,26,9,None
catherinebrown,morgananthony@example.com,(7&Vwm9Him,18,3,None
sara31,sarah93@example.net,)9GxkJ3Gy5,51,1,Cognitive
hwood,pwilcox@example.net,p%O8JBT5Hc,47,6,Cognitive
nspencer,shudson@example.com,7+77jT^nNI,19,10,None
rwhitehead,maryruiz@example.com,n+2WzpIMAe,31,5,Visual
kimcasey,cynthiamorgan@example.org,GL4BSYc3_n,53,10,None
dustin03,dennisbeth@example.net,TuI0TlI*o),77,5,None
morriskiara,stephenmacdonald@example.org,W%1uapZcQZ,45,0,None
corozco,jacob23@example.org,66L%mww!(0,18,1,Mobility
rjohnson,abrown@example.com,$48JArFekS,30,1,None
william30,jonesmichael@example.net,b@DE2IrwW0,68,8,None
vvasquez,harperthomas@example.org,%YHUz!JE@8,60,10,None
robert75,ronaldsweeney@example.org,qP9CSu09&1,49,2,Visual
james17,christophermiller@example.org,)6V)Xc3NEm,69,5,None
chloealexander,judith11@example.org,r&1pTG(i^w,28,2,None
hayesjorge,aaronadams@example.net,9HCpx_7x^2,19,2,None
gfowler,aliciajohnson@example.com,_T6FrL%z3x,74,1,Mobility
clarkeric,daniel26@example.org,wPj5aXhY(+,61,1,None
hcarroll,ekent@example.com,rp3Lwoi(7^,71,8,None
spowell,latashajohnson@example.com,#*48Su2(Mp,19,8,Mobility
jeffery71,loririvera@example.net,#(@Bn9p^6E,67,0,Cognitive
natalie48,stevensthomas@example.org,HPT1mjyy#9,72,0,None
yknight,jonathangarcia@example.com,s6SaF0Za*A,32,10,Visual
isaaclee,montesangela@example.com,(8GRDTaDHy,51,1,None
william07,thomaswilliamson@example.com,0+2ChGp2VU,76,0,Visual
mark56,zmoore@example.com,@t!69ESyUt,69,2,None
michaelthomas,obishop@example.net,e4PRiJyk_1,54,2,None
jamiewalker,michaelmcdonald@example.com,(Y*I^N5nL2,40,6,None
cynthia55,thomashodges@example.org,@6^WzqUgb7,48,7,None
larry04,zbaker@example.net,L&Ot5eQmaH,41,0,None
earlking,ryan42@example.org,iY3LfqPJ$L,72,6,None
erikapeterson,lfarley@example.org,z^2^nBvh(8,56,9,Cognitive
martinezlogan,hillcynthia@example.org,$xV$UN&b@9,36,7,None
dillonbell,kerrcarol@example.com,&X7%qIEkc2,37,7,None
gbates,tracysmith@example.net,S%g7LZfk&Q,44,10,None
grayjorge,qhale@example.org,&9#qUrV%Ro,46,1,Visual
bowersalexander,cmccarty@example.com,_n9D#ETh^V,27,10,Cognitive
vking,edelacruz@example.com,5BLOVNv$$f,53,6,None
whitneymoore,deborah66@example.com,ccFw4HMf+i,48,7,None
banksashley,gfigueroa@example.com,FrG9Fyg4+S,57,7,Mobility
phernandez,oguerrero@example.org,se7HglWp+#,61,9,Cognitive
paynecristian,cbenitez@example.net,a1QBbRoB*x,26,0,None
amandabarrett,emorris@example.com,%JU3o%J+%8,67,2,Cognitive
jdominguez,robert81@example.net,&+G0Wxwl5$,44,7,None
zbentley,rwheeler@example.org,I#DR83Dk!h,19,8,Cognitive
lholland,fmullins@example.net,^5tCtbpK5k,67,1,Cognitive
patriciamccarty,jimmybernard@example.net,h#L55Wg#ig,52,4,Cognitive
stephenwagner,andrew24@example.com,mu!1Ni9bWD,48,2,None
jamesmckinney,javierhunter@example.org,_Yv3aQsKHS,57,8,None
watsonchloe,bradyandrew@example.net,q!&v3rLl(w,21,3,None
johngarrett,kristinemcbride@example.org,3QvoGk#4#%,77,3,None
andersonjohn,xjackson@example.net,a41L3ACc#n,66,6,Cognitive
williamsarthur,dorishowe@example.net,6@1uE6mE_E,52,8,Visual
hollandtonya,melissasmith@example.com,#71lGT3ho9,43,10,None
peterlittle,jturner@example.com,!YvTJtUN0C,32,1,None
fcrawford,perrykelly@example.net,_50BsL(h$X,20,5,Visual
kjames,frank05@example.com,#v8rKMbuYa,65,1,None
sterry,dukericky@example.com,N%J#R6Zzon,27,7,None
michaelhorton,jgonzalez@example.com,5R2MOXyS+A,54,8,Cognitive
russell25,robert13@example.net,n2MMkVcG@w,63,0,Cognitive
davidreilly,williamshannah@example.com,(4BBs(sz3@,39,1,None
mooredawn,gregorypeterson@example.com,0_w1_EBe!m,77,4,None
stevenhorton,tsullivan@example.com,+Nhw3G&x_1,39,0,None
mooregabriella,theresamonroe@example.org,g#46XYHfoj,65,4,None
oolson,kellytricia@example.net,65LHf4^I$v,24,7,None
johnchapman,mark81@example.net,H79IQfXf+h,38,2,None
elizabethcain,brittney27@example.com,$&1ANRIqeb,58,10,None
robert36,karen48@example.net,*+7sNGLf$C,67,8,Cognitive
christopherrobinson,brandon79@example.org,@61Ir+f6SK,75,3,Mobility
katiemurray,blankenshipsarah@example.org,6VQ$Pwqe@u,67,4,Mobility
anthonypollard,michaeldixon@example.net,t4QHh!+7^8,31,6,None
ohughes,gilbertnicholas@example.net,h8WVvzka$o,36,10,Visual
joshua76,bmiller@example.net,9E5BLrhT(+,28,7,None
wanderson,martinezaaron@example.net,6(2D@P!dMn,57,10,Visual
perkinsmichael,palmerkathryn@example.org,oF2+I^ln$q,23,4,Mobility
ahodge,carrie88@example.net,^D7V)Xls_Z,31,4,Visual
riverakathleen,myersian@example.com,2_4REwcLyz,51,5,None
hutchinsonbrandon,stevenjohnson@example.org,$ny)g^Sn_5,33,1,None
rallen,vanessa67@example.net,(Na(daCh%9,66,4,Mobility
knappkyle,derrickrowland@example.net,)G3Q0mWY99,39,1,None
kristinamartinez,marcusadams@example.org,#SIxjhkJ3O,21,5,None
mark58,martinezdeborah@example.org,LFqf^jYu%3,75,9,None
mlee,delacruzdavid@example.com,M0P5$UR+%m,24,8,Visual
leslie40,kbailey@example.org,hzm+GYu%+2,46,3,None
angela12,scottgay@example.net,XT)04&Ff@^,22,4,None
aprice,ebrown@example.com,%3)jMXathK,35,7,None
schmidtbrandon,powelljason@example.net,4@3M4Iw1+P,63,10,None
bjones,kochthomas@example.org,06$8Q1xGhm,47,1,Mobility
sandraortiz,martinmanuel@example.com,Z71NHnfk(Q,18,0,Cognitive
tcollins,ibruce@example.net,w_F7V1rpe*,60,1,Mobility
fhammond,normankaren@example.com,Goc6A_Bvm#,71,5,None
dorothymorales,william10@example.com,)19u#qIy9*,39,5,None
awalter,jonathan45@example.org,aD7xCb^kf!,31,2,None
kyle07,joshua53@example.com,$2N9M6tWjJ,78,8,None
snelson,samuelhouse@example.net,vC)e6OFao@,71,0,Visual
robertmckenzie,james07@example.net,@RgE8DEn(m,36,5,Mobility
lgonzalez,christopherhowell@example.com,h05OH*Aq&z,52,7,None
lnguyen,millerthomas@example.org,!83Y0xViJE,26,3,Cognitive
collinskristin,christine70@example.net,$b#1&cUgo(,76,7,None
tblake,wthomas@example.com,2rWGGzsS^#,58,9,Cognitive
kelli44,rodriguezerica@example.com,0uejW!fX_U,67,1,None
rose29,hernandeztroy@example.net,RNBBYL7k)^,51,0,None
crystalbrown,walter00@example.org,(0RSFdeMYD,80,3,None
eatonmario,jessica55@example.net,)$VF7ZZpUg,62,7,None
camachojessica,bowersrussell@example.net,1N!e9JmLtv,55,6,None
martinjose,abigailcain@example.org,^+x5Lm8ifL,59,7,Visual
silvakelsey,markwhite@example.com,^IR00KHuGP,49,3,None
brianhoover,robinsonlisa@example.com,#^$8Nky(2y,35,0,Visual
bhubbard,tanya02@example.com,$uwMem4R*7,69,0,Cognitive
carmen95,dmueller@example.com,&9eRYAj4!),74,1,None
jenniferhughes,zachary17@example.net,*eNNKjXeI8,43,2,None
davidallen,wilsontimothy@example.com,1Ld(2SVx^l,75,4,None
claydiane,ghudson@example.org,&7qxDjDT26,60,1,Cognitive
krodriguez,becky03@example.net,(dzW+VXzp9,72,4,Visual
elizabeth88,barronlouis@example.net,Q+&6zFJr5F,46,4,Mobility
baileyjustin,andersonlisa@example.com,p8v)3&GuM_,24,2,None
cynthiasellers,marco46@example.org,9gW%*wi4@4,54,6,None
jefferyhenderson,kellihooper@example.net,)kE$bA2G2I,62,5,Visual
alvarezkelly,danaadams@example.com,J&86JamUP8,52,6,Visual
cuevasdavid,whensley@example.com,_%xCko2jW6,80,6,Mobility
lindseyobrien,smithalicia@example.net,B)1W3Krq_y,20,2,None
melissaharris,mturner@example.org,&xB1ML_zbI,50,10,None
myerstamara,gilmoreeric@example.net,g6IclaQT^o,42,4,Cognitive
ngarrett,bakermarilyn@example.org,un4vWOifV%,37,7,None
olivia79,daniel19@example.com,%GPM^1TcDe,62,2,None
ilee,kevinadams@example.net,94&0M+WlUw,35,2,Cognitive
kaylamitchell,sthomas@example.com,cn1Jn$b^n_,33,8,None
montoyakimberly,cwilson@example.com,$6s7FDnkKa,27,2,None
lmiller,amy98@example.net,jPly6YDbx&,67,1,Cognitive
ricemicheal,jocelyn95@example.com,Z_q4W&qIC1,27,6,None
davidrodriguez,michael00@example.net,z#0ZFNuE%h,26,0,None
daniellelivingston,amanda54@example.net,HqbN3EMJS^,71,10,None
lturner,marksullivan@example.net,_w4BIdvu04,26,6,None
peteranderson,clayton71@example.com,iz0CewPr^M,60,10,None
jim62,mejiajason@example.org,JY6hQqCn#5,51,3,None
harrissean,dmurillo@example.com,#+67Iir3)^,26,9,None
gomezmelinda,brycemosley@example.org,V38GHn*V+x,25,8,None
shelby22,cmarshall@example.net,+her39Xc*C,79,9,Mobility
harrisnichole,nancy95@example.net,R9CHe6%q*q,32,2,Cognitive
jeremy85,grantjefferson@example.com,s!101HSk2$,42,6,Visual
krystal79,kristi32@example.org,5MSE(N$q@J,21,6,None
zmclaughlin,andradetonya@example.net,+swRexb95h,31,7,Cognitive
llynch,crawfordanna@example.net,mN$5@JStno,69,4,None
david33,sheila52@example.net,d0W9_Xvl)%,57,6,None
xcardenas,katherinestephens@example.com,C@77P!azR^,35,6,None
pcampbell,zalvarez@example.com,lN1%zsoV+0,69,6,None
mark62,williammedina@example.com,M$0Yp!Q7ix,22,9,None
zsmith,joel26@example.org,J_4Jcrn_Qd,49,5,Cognitive
pnicholson,timothy72@example.com,I@7$H@dI%z,74,8,None
riverajohn,travisbernard@example.com,uuqUx*dr(5,37,10,None
david85,heather92@example.com,jmO$NQa4+2,20,6,Visual
friedmancaitlin,fbonilla@example.com,Rv9VBf3c##,23,7,None
lopezelizabeth,stevenpowell@example.net,*5HcxAP*%q,24,7,Mobility
johnathanrusso,donna59@example.net,+cPgOH8ey8,66,1,None
amandapayne,johnharris@example.org,$2uZHN^gL2,24,4,Cognitive
michael67,fisherjerry@example.net,^1BqzQhRQy,49,10,None
nwatkins,tgarrison@example.org,^KU5GnqX@6,54,2,None
donaldfreeman,wprince@example.org,&4B9x!XaRk,26,1,None
bbrown,john20@example.org,%7MIf!kyq9,45,4,None
makayla41,wnewman@example.com,f#A3u+c^VW,32,0,Visual
michael27,markduncan@example.org,15(ggpko#Z,58,7,None
rebeccarobinson,tammysmith@example.net,Dy6ShHo6^G,67,3,Visual
williamhensley,vgonzalez@example.org,!+&Qv#^VP7,51,0,None
stephanieforbes,michelle82@example.org,%Rga5NBny6,56,5,None
vangchristopher,omarhuynh@example.org,3z2DXB%vI!,36,7,Cognitive
alice73,melinda51@example.net,5H#DaG_i&i,74,8,None
thomasamber,imedina@example.net,hcH@9Ody%(,73,6,None
toni45,dawngross@example.org,^#GZSJNk1v,53,1,Cognitive
henryryan,mitchellhuffman@example.com,)d@1CWQj)t,28,0,None
angelasolis,stanleymorales@example.com,$MkwjIbY)7,51,5,Mobility
esmith,sbrooks@example.org,l2XeNfgw!b,75,3,None
lopezleah,boyerphillip@example.com,#IvC0Ea3U4,53,3,Cognitive
cynthiaturner,ryanjennifer@example.net,A*NbH8LkRL,27,2,None
katierussell,richardporter@example.org,_s$42*FY(#,56,7,None
vkim,johnsonstephen@example.com,#89LBrOz5L,77,7,None
pattersonsarah,browntyler@example.com,h!3jKYoh6a,31,1,Cognitive
dhernandez,hughesdavid@example.org,+5l80cAf7q,79,8,None
michaelcarlson,brownmelissa@example.net,%25VQd#iG9,27,2,None
hollygarrett,robert04@example.com,+qFvpriG84,35,5,None
jonathanlewis,jason17@example.org,HF)A9Th#jx,23,1,None
allenrachel,walkerjustin@example.org,*SM9QblrpW,19,0,Cognitive
gomezsusan,katherine90@example.org,!rgGeVavG7,29,0,None
pamelajennings,eedwards@example.com,!2BzHfIhm(,32,9,Visual
patriciamartinez,npeterson@example.net,y*QFDX_e%2,77,10,None
warren60,normanrobert@example.net,@5tP8ZSy86,19,9,None
bradleybates,richardbutler@example.com,k%Od2sKoaN,54,8,None
hdavis,beckytorres@example.com,_X6La5Ff%*,59,0,None
christina37,jennifer12@example.com,E)5D+omTE$,69,8,None
marksjames,hartmankayla@example.com,HJ4cNHdE7_,75,7,None
ljackson,shannonperez@example.org,@(95OzQiiW,73,8,None
mccluremichael,qcastillo@example.net,^o4eMwolgj,31,6,Mobility
hadams,blairsusan@example.net,@8C&xiPC%%,66,9,None
jacob40,natalieallen@example.net,+1%2So832w,35,9,Visual
elliottjoseph,masonmurphy@example.net,z7$32Rnaco,38,4,None
fwest,sarahcarroll@example.org,f_9Eup)5!N,34,9,None
drakeerik,cheyenneconrad@example.com,vNRi+9v!E+,80,9,None
michelle31,jennifer71@example.org,%nn6CWjf%c,75,9,None
jill42,hwalton@example.com,#eG*B%Q4w1,52,4,Cognitive
sabrinahughes,allensean@example.net,I0W6$ASs(g,23,8,Mobility
cookkarina,khudson@example.net,+a6nxA&ui1,75,5,None
tiffanymartinez,adamdunlap@example.com,_y)4i%JcB^,59,7,Cognitive
hermandarrell,james14@example.com,8ETisiPs_1,69,9,Visual
elijahscott,lindsayhenry@example.net,f3E0dnB8(8,39,1,None
martinezjustin,jerry60@example.org,@+9*&Ry7%$,43,6,None
wjordan,lisaramirez@example.com,^5M&L2m#8T,78,10,None
mjohnson,roy56@example.net,_8EwecIDuB,57,2,None
whitecody,spenceranna@example.com,)9PhN3DVmW,80,6,None
james95,kirstenhenderson@example.com,+JbvULub!2,45,5,None
johnsgabriela,baldwinzachary@example.net,MJWj3Mdw_f,60,10,None
carol82,nbush@example.net,YL4Bkfc_)F,39,2,None
roberttrujillo,ugreer@example.org,8s6Q9ghZu@,21,8,None
cassandralynch,smithjoyce@example.net,(ZJ176SlD&,42,6,None
julia17,diane87@example.com,OVB9%9Hg6@,27,8,None
oriddle,youngrobert@example.net,hXj#7VrR*M,50,7,None
jennifergillespie,leehaley@example.net,q%8C*IT(Rz,21,10,None
johngalvan,cjordan@example.com,usdO1TBk)8,24,4,None
garciathomas,brownnicole@example.com,h4c&YTMk#0,21,3,None
fbarnett,lisabutler@example.net,@BxGSkkP0O,80,7,None
youngkathryn,myersjennifer@example.com,$Mk0NrtN6$,56,7,None
cruzgabriel,solisbruce@example.net,)ol9!*Yu+W,24,2,None
nancygarcia,jennameyer@example.net,t+j+2tHl1O,23,0,Cognitive
brandon01,rollinsjohn@example.org,l_7cy#Ca%E,71,7,None
kristin05,coxtiffany@example.org,cq@Oj5RlDB,62,1,Visual
pbarnett,joanna90@example.net,k1UUy2dG+Z,44,10,Mobility
joseph45,hannah94@example.com,+2OdgW4L!p,26,9,None
taylor36,nathanmontes@example.com,D60AvzZ0(+,37,9,Cognitive
qedwards,carneykristen@example.com,q7S(FS9I_d,38,5,None
taylormendoza,amy70@example.net,SKi*4ui#q+,80,9,None
susan64,carolmiddleton@example.org,hoFmEYs0^5,64,7,None
chavezjodi,jonesvirginia@example.com,m%1LU$w2A#,39,6,None
barnettstephanie,iphillips@example.com,9i%9PTLhlh,30,3,None
erika69,msmith@example.com,pS1CSbPdP*,32,8,Mobility
aliciapayne,thomasgreen@example.org,m0$3P!lPl*,43,6,None
jamie92,jessicascott@example.com,gx6NxrrR9*,69,7,None
burgessstephen,michaelhuff@example.com,l_1)Tk#fv&,55,10,None
blakedaniel,wtaylor@example.org,oDd7KQ9bR!,59,1,Mobility
austin09,clarkmichael@example.org,BEQ35TiY!%,76,2,Visual
andrewnicholson,rebecca69@example.com,_Q8Ym6ai&B,49,6,None
vperry,feliciaruiz@example.net,Oob3#CpLG$,73,4,None
schmidtangela,nicholas00@example.net,!e(mG@FhH6,24,7,Cognitive
jacksoncharles,sarahgonzalez@example.net,g3B)_AmD+K,54,9,None
amymurray,aaronlam@example.com,c$Gj8gUt!7,23,5,None
penadiana,jacob59@example.com,66EeF*Ne%o,24,5,Visual
maryharris,kayla47@example.org,&!EL5*Ijk6,59,5,Mobility
ibradshaw,elizabeth31@example.org,%7XxR6scyb,61,2,None
qsantos,knightjustin@example.net,&(7hTWUs(I,73,8,None
lwarner,jonathan00@example.net,#4cW3Y0uiB,45,8,None
jjimenez,george62@example.org,_vk9zOQqPD,68,9,None
julie60,brittanyolsen@example.com,T5QV4lt2%*,40,3,Cognitive
cohenjohn,rasmussensamuel@example.com,&d)0Nqzdsu,45,9,None
jennifer16,qjohnson@example.com,@V94LJtu7Z,30,10,Mobility
michael30,mariokim@example.com,)76EwgQdCU,18,6,Mobility
walkertaylor,cristina55@example.com,JU8Q6d0p2+,41,7,None
pereznicholas,ubowen@example.org,&8PNx_f@&O,25,10,None
christinelewis,angelarodriguez@example.com,v@2$eiGkea,63,10,None
kevinlarson,greencrystal@example.net,d3P4PVDZ_1,60,5,Cognitive
hdougherty,emilyarnold@example.org,*B*7VpOKDN,18,5,None
mooresonya,teresamiller@example.net,a(9b1Outbj,62,5,None
gwelch,fosterandrew@example.com,&4fShZrt)o,65,0,Cognitive
anthonyturner,mwilliams@example.com,4XSXe&Ra$x,41,3,None
brownterri,bwilliams@example.com,&6G2cnJmWk,65,8,None
monicaevans,waresamantha@example.org,2&U8Oio0sj,55,9,Visual
cherylburns,rossdawn@example.com,+9kLE(yb7c,47,4,Cognitive
stricklandalicia,coxann@example.net,+$6JLq0X6$,75,0,None
ariddle,robinsonanthony@example.net,_QgLYr!n18,44,9,Cognitive
gregorywilliams,georgewallace@example.com,Bf4vfS3FN$,21,0,None
jennifer04,jaustin@example.com,_2JKO6x!BM,63,7,None
bsilva,anthonydavid@example.com,Pu(%3C@gop,71,10,None
sheilagomez,jennifersanders@example.org,(t6+#N8hPa,73,5,Cognitive
burcherica,adamssteven@example.com,)9&*uP5cWf,41,6,None
patrick64,phillip06@example.org,V^D+7Akj_B,62,10,None
hallcynthia,jacksonvictoria@example.com,Rs67Ub5Wu&,62,2,Mobility
hickmanashley,jessemendez@example.org,Fv_9M@Vs!Q,51,5,None
amandagoodwin,kathryn19@example.org,#8B1wJ!2Fh,52,0,None
hallanna,wesley22@example.com,%YEu6Gwu@E,55,1,None
kathy95,kevinturner@example.org,!4UmHUoA2m,34,6,None
cjones,michaelsanchez@example.org,(0F2DfLLIn,27,5,None
allenkurt,nataliemccann@example.org,L%l2djEw!c,37,10,Visual
kenneth06,wagnerjill@example.org,kYR0AWxK@F,57,5,None
sbranch,kenneth22@example.com,_0MLAct@oi,31,6,None
gwashington,fergusonrenee@example.com,MT2)tjDq)x,29,2,Cognitive
vanessamayo,dixontracy@example.com,$D7DcLfB#z,77,1,None
hodgekarla,caseyjack@example.net,j0LX#eA$(o,45,9,None
kenneth68,jessicathomas@example.net,&v4UEwheNj,44,5,None
rebecca08,grandall@example.org,(4MiGZog!D,58,3,Visual
tiffanyallen,michellemunoz@example.net,tV_!7DeM(9,61,6,None
kimberlybryant,jennifer91@example.com,7zL&9g*)!2,44,4,None
nichole17,hillmary@example.com,HZ#5QHiZ%),25,0,None
aprilfleming,wmitchell@example.net,%6o67ItcrK,39,1,None
greenbradley,bruce12@example.com,)K^FPKg@x7,36,0,None
garciasara,ubishop@example.net,)H71pnUwMZ,55,2,None
boydjared,janice98@example.com,o8a0*lbk&Z,49,10,None
rebecca03,doneal@example.com,z6b$45J6+0,24,7,Mobility
ericmiller,teresahoward@example.org,&2OVSsVG@g,47,5,None
suzanne81,fwalker@example.org,HaH)2GsgG+,64,8,None
pjordan,cholmes@example.net,H+^0$UVtG9,78,9,None
kevin75,stephanie33@example.com,6OSwg91&!0,79,10,None
daltondominique,michael23@example.com,V)7cQp^jLi,26,8,None
jessica09,kennethmcdonald@example.net,Yu2TBxuf*e,43,0,None
jesus43,eguerrero@example.com,ruYSg6Xt&2,69,4,None
mccallhailey,ejones@example.org,cmyM2EdOu!,74,9,Visual
wwallace,joneschelsea@example.net,J8n3iGny(#,40,4,None
tburke,benjamin78@example.net,%_VBxZtz$1,35,3,None
ijackson,sanchezjavier@example.net,d9JZ2Edl^u,67,8,None
pricekenneth,jonesmichael@example.org,)6cWSxNtZ9,52,6,None
carlywilliams,padillajames@example.net,)q22XqA&j4,39,4,None
emily51,fhensley@example.net,@7I4XhxfN5,59,0,None
myersmia,bmartinez@example.com,@8!0Uq#)&7,77,4,None
lauren92,wolfbrenda@example.org,c@3TmvRYN+,49,5,None
rileyjustin,terriellis@example.net,^yg0B^kqea,79,8,None
vargasrachel,brownlisa@example.org,!T11gFSuGX,54,4,None
jesus28,clong@example.org,a)j8MjOrXO,55,10,None
shawndurham,pgarza@example.com,wup42NGa4^,35,7,None
robert68,frederickcory@example.com,B4VSZeJC*1,36,2,None
marc95,phall@example.com,+z*FT5WzkH,36,4,None
hpark,davidstanley@example.com,qBzd#2ItM$,49,6,Visual
cannonlori,ortegageorge@example.org,N83qBgYO%R,43,3,Mobility
ygreen,elizabethwagner@example.com,z6!DRFng)5,38,10,None
kathyphillips,nielsensuzanne@example.com,2#v1TPn6X3,50,7,None
ericlynn,sbennett@example.com,3sJcqXn3_4,19,8,None
espinozaamanda,allenlucas@example.net,*0S8pFXdUC,24,3,None
chavezkelly,jasmine26@example.com,%8IlxAwj*v,70,2,None
martinezjustin,mark81@example.com,+&3WKT*tJt,25,9,None
pittsjeffrey,amyhoffman@example.com,EC4GCm@j$F,37,9,None
mikebradley,cjimenez@example.com,1@nQA_w3#9,62,5,None
kelly85,bsparks@example.net,*fUPns3g6c,32,3,None
michelle81,darylgarza@example.org,@POIUGtWR7,32,7,None
gflores,qward@example.net,pFD*9KCm$o,37,1,None
david83,qfoster@example.net,Hd6oBMn97_,69,10,None
dmckenzie,mooremichelle@example.net,4+R5Qsjyza,35,4,None
lisa38,blaircalvin@example.org,u7bST!Kl%G,33,4,None
knichols,xbell@example.org,fn0AqQJgW$,41,3,None
baldwinkrystal,leslie62@example.com,k&K5NMyy1v,48,7,None
veronica00,richard34@example.net,GKq98qZf&q,33,5,None
davilamatthew,rhodescalvin@example.com,X%7tDTIe&P,65,4,None
josephaguilar,zjones@example.net,+9Xc8Uzf#y,27,4,None
laneryan,leethomas@example.org,!dDJmDDM9m,50,7,None
floresthomas,reginaldlong@example.net,_@cnBcHgR4,63,7,Visual
tarameadows,bpeterson@example.net,f+75@Bxx#N,31,3,Mobility
joshua95,robinsonwendy@example.org,r#L5KEMi7X,48,0,None
justinwebster,pittmannicholas@example.net,$ag5AqlhP4,22,9,Visual
kennedysarah,brownjulie@example.com,@*9(vOss!p,37,9,None
kcrosby,thomasrichard@example.com,1*3MObvRw!,37,5,Mobility
tgriffith,barronphyllis@example.net,^RFK84Mj#_,23,9,Visual
williamcox,adam85@example.com,KP+5D7m#+D,79,6,None
zweaver,carmentucker@example.com,%0B1XmAn*Z,76,9,None
arthur10,nreeves@example.org,!tAJa_fX4T,49,2,None
kathleenwade,mmorrison@example.com,+7$Mqi8gDF,62,7,None
tiffanywade,rwebb@example.org,%%x2VIEQGq,46,8,None
kimberly23,jray@example.net,Lv#Dt3(0#2,64,2,Visual
wendy11,muellerpeter@example.com,fw3pJ8kqs@,33,10,None
brianmayer,harry89@example.com,sdnLV3Wj&6,18,7,Cognitive
bartondawn,julieoneill@example.net,bS3*9Ulo6c,19,4,None
leejennifer,cindy83@example.org,_4!iLYj9Ce,67,1,None
derek33,terrihouston@example.net,_UaEF9Nx2*,46,4,Mobility
riceapril,mwilliams@example.org,mBOn_Qlp+6,65,6,Mobility
jessica40,millermelissa@example.net,418MlYv*+L,55,6,Cognitive
brooke28,anthony85@example.org,pl%6OLyI*7,32,3,None
josephramirez,jessicalove@example.org,2gQgkRyp(3,59,9,Mobility
michaelhoward,elizabeththompson@example.net,@$30DvV1i9,75,9,None
cjohnson,jennifer32@example.org,$eZQF%arE3,47,3,Cognitive
hoffmanbrenda,wendy68@example.com,E7M$Kkr3)_,23,5,None
laura29,bowmanbrett@example.com,mp2Vg0N$#N,24,3,Cognitive
adrienneolson,jared26@example.com,(9UeRmOi&p,25,1,None
mosleykelli,jacquelinedavis@example.org,LL330QMhL!,38,6,Visual
christinajones,smithmelissa@example.org,&6j#LpLp7n,34,1,None
debra88,amanda10@example.com,%4JI)CgEAQ,37,5,None
lori33,mistyjones@example.net,0^28FRcdT),55,9,Mobility
kathy12,ygreen@example.org,!0RxOTv05w,80,5,None
andrewgarza,veronica87@example.org,4JU2^4t9&@,48,2,Mobility
wrios,davidbaker@example.org,P2W0F%kq#8,43,0,Visual
davidsonrobert,websterdavid@example.com,@Bq7(HAzKJ,68,0,None
apetty,williamramirez@example.com,#!7wvTxf2k,78,3,None
bakeraaron,martinangela@example.org,$*Y7x+%9*1,38,2,None
vchavez,patelmichele@example.net,_2cRBOzo*4,23,0,None
garciajohn,pmorgan@example.com,!Fv7_Zvh_Y,39,10,None
terry82,tina01@example.org,cq!a5$Nv^5,78,5,Visual
lindsaymorris,lcollins@example.net,*%^48BqM%&,64,4,Visual
jasmineallen,hendersonjessica@example.net,1(Lp&m7h%_,43,2,Mobility
yfisher,halljordan@example.com,fhM15Eqmh+,20,9,None
bishopmichael,sherylrodriguez@example.org,@1#MwH6Ydm,73,5,None
edward89,jacqueline25@example.org,&96J4AcuHT,54,3,None
jbutler,kimberly14@example.org,!)9lLtEg%8,78,5,Cognitive
jenniferjohnson,kaylee65@example.com,#*&1WeKe1a,63,7,None
daniel80,lvargas@example.com,wPR4MPowU+,53,0,None
kellycarter,oray@example.com,4Xt3Bnqr7),37,1,None
wilkinsjoseph,sarahallison@example.com,rM6+WXo#4*,51,9,Mobility
johnsanchez,parkereric@example.org,qr(3CUko2y,56,9,Visual
gdavis,shawn37@example.com,^(1kNxDqRO,54,2,None
odeleon,megan80@example.com,#Ha)9i6mm!,43,3,Mobility
carolyates,cholden@example.net,DrL!(sKb&3,40,3,None
mklein,joneskenneth@example.com,bk(1Qku2AF,71,1,None
david76,whitneytony@example.com,_LQC^jjj!1,21,10,None
georgeflowers,harrellsamantha@example.net,OZ)g!Iyr!6,71,1,None
johnsongregory,carlsonryan@example.com,+VRp&8yjy0,58,2,Mobility
barbara79,cgill@example.net,fbmjX(Pm%5,48,7,Visual
rpruitt,leonard65@example.com,R@$s0X1lh9,74,6,None
hjohnson,lambertelizabeth@example.com,#gw1tObb+0,42,1,Visual
riverajason,vrodriguez@example.org,(0TGJBavPQ,70,4,None
morrisstephen,michael09@example.org,^&6PWgFzcg,37,3,Mobility
james19,cherryanne@example.net,(1iUNOK%3x,19,8,Cognitive
fthornton,yodergregory@example.org,6*!4HTiQYI,76,9,Visual
lthompson,reneebaker@example.com,+W)5H2JbMN,71,1,Mobility
iswanson,maloneelizabeth@example.org,q)T4JLGi!&,30,5,None
dcook,mwalker@example.net,(Z3q9Kkh58,57,1,None
jonathan74,uwilliams@example.net,$g!eEXsO44,61,0,None
kyle58,rallison@example.net,6yzNItwy^R,77,5,None
cwilson,wjackson@example.net,)b0cA%EvwW,44,6,None
awatkins,wolfecharles@example.net,i%$q27Iuk),57,4,None
emcclure,mossbrandy@example.com,w)a7Oy5i+f,28,1,Cognitive
emilybarnes,bellaustin@example.org,!7lR)Quspl,63,5,None
johnsonphilip,katiehammond@example.net,hHv7+5Tv@x,43,6,None
villanuevabrian,steven78@example.org,%9PHdsOlLN,60,0,None
melissa12,vanessa72@example.com,^plFXraW92,38,7,Cognitive
wardnicholas,hernandezjerome@example.net,PF#9bRlip3,18,10,None
joshuagraves,brittany89@example.org,g2FZgn6e(t,76,4,Mobility
qconley,jackiehanson@example.com,S)65bNqprQ,54,3,None
sharon97,rwilliams@example.org,!5Bi%4XBq_,74,10,None
phyllisbennett,zamorasamantha@example.com,%05ZFpFl@d,31,7,None
leeryan,yzavala@example.net,b%1BII4lAv,75,10,None
btaylor,sbenson@example.org,bMVwF7Ob@1,46,3,None
durhamnicole,jason32@example.net,5x0SOn$y^@,58,4,Cognitive
veronicaharmon,theresaclarke@example.net,$f6qIv&vgS,58,8,Mobility
joshuagregory,alexanderpark@example.org,$CbX2l4(T2,19,3,Mobility
cmills,larrywilliams@example.org,*x5URXku*7,57,3,Mobility
brianwilliams,alexis25@example.net,&Nt7xWTbC6,26,0,None
rubenwilliams,davidmccarty@example.com,c%VQvQbh+7,62,10,None
marcoreed,courtneyrussell@example.org,_E#cj4Azmt,47,1,Cognitive
lholder,benjamindavis@example.com,^bV!0M)wQQ,53,3,Cognitive
kiaracarpenter,campbelljessica@example.org,2(mWeK91+w,74,6,None
anthony08,williamsalejandra@example.org,+4@!uYscb7,71,2,None
emily68,bowersedward@example.net,rv)1BaQzOH,22,0,None
barkercynthia,hliu@example.com,%ih3nMsm2U,39,1,Mobility
robertcervantes,stephanieprice@example.org,+#$3URh!9h,34,4,None
renee06,pierceanne@example.net,cI9BfOc0&g,28,1,Visual
johnhill,james51@example.com,R+3UfFjQ!V,77,8,None
cindy76,john08@example.org,_9%b*KcF)(,41,0,None
blackwellemily,mgarcia@example.org,O!12Trtu29,45,3,Visual
johnsonjamie,shellygallagher@example.com,#LCSxUPh3r,60,3,None
leonardperez,vfox@example.org,+P4^1YZw66,33,9,Cognitive
arellanorodney,kristinaguilar@example.com,_9(6NQb4iW,49,7,None
michelleharvey,racheldavenport@example.org,#$3TMe&oKJ,72,4,None
annette85,donnapearson@example.org,!HGmNFYNz9,46,4,Visual
gilbert61,curtisanthony@example.org,!zR1HIUbUY,34,4,None
joseph40,abrennan@example.net,4_296WkB(Z,68,8,None
scottweaver,gbrown@example.org,(dPlxkh310,41,8,Mobility
fgeorge,vstewart@example.org,$+!7!Wznl2,51,10,None
eugenebridges,johnmason@example.net,w+YJB3eW#L,75,6,Cognitive
martinjim,pcruz@example.net,(X4Z7CaZ^g,73,9,Cognitive
blackwelljennifer,petersonsteven@example.com,_8!Y_pOP3r,71,3,None
castrobrian,uyang@example.net,%3km_Cg)j6,48,6,Cognitive
marie22,sullivanjoann@example.com,t$66OwbZ$t,57,7,Mobility
rickey19,jason60@example.org,t0iQ(jGD%l,59,4,Cognitive
mrobinson,ewagner@example.net,9R%4IIc9*o,67,0,None
mariapotter,bharrell@example.org,$40Aei@gbF,38,6,None
randyhall,gwagner@example.net,xcw1%P1S(*,40,3,None
mmiller,christina46@example.com,y1je)zYo#w,61,10,None
michele55,wilsonanthony@example.com,m1hDhHJH#O,40,3,None
carolyn67,yolandawilson@example.net,%3dUAvjJfP,55,10,None
charles39,molly63@example.com,0vQQ#bME_+,74,0,None
ccooper,kthompson@example.net,CsCi*8BdaP,74,7,None
edodson,xjames@example.com,IDT0bBkG%9,45,2,Mobility
loriluna,elizabethsims@example.net,I1V6!DGa&q,60,0,None
jamie04,moodywesley@example.net,_FGs7Knh*4,56,3,None
skinnertraci,angela81@example.net,E11Yvls&_c,62,7,None
michael78,kyle33@example.net,+lDm4jpJ43,36,8,Mobility
ycoffey,robert39@example.net,5qDZTdsS&X,57,4,Mobility
brucehines,amyhatfield@example.org,e(6M!Wg5ek,80,2,None
dustin26,waltonrobin@example.org,H8MFTgZv(3,39,1,None
ericahuerta,cward@example.com,+o7qCea^bm,68,1,None
bspencer,radams@example.com,l1ZJmQ)x(K,58,7,None
anthonygallagher,trevor65@example.net,d&p6Kcc0bx,57,7,None
michael39,tony86@example.net,+1J8exANVn,23,7,Visual
llee,gregorykelsey@example.org,&wA&4#Hp@^,80,4,None
iyu,jonathan98@example.net,$06U14od75,45,9,None
carol96,parkerdiane@example.org,)GU5s60r7c,39,4,Mobility
sanchezcorey,kellydaniel@example.com,T00kRKMl@^,56,3,None
alester,douglasanderson@example.com,a9!35FhR_L,32,7,None
james25,zjohnston@example.com,Yuz@%SSa@8,71,5,None
nguyenalicia,davidchoi@example.com,e5+BpUzS^3,54,4,Visual
mmanning,vasquezrobin@example.org,5HM9QGvw^4,29,7,None
christophershaw,cwhite@example.org,!eu%TqWgD6,49,5,None
mramirez,sanderskevin@example.org,FX1_9LoHn*,65,10,None
jamesdavis,chelsea28@example.org,t$mMD@F5&7,35,2,Visual
alyssa33,doylestephanie@example.com,SG4OmZocD*,60,8,None
alicecastro,ecox@example.net,4P)gpIjb(5,43,8,None
gutierrezgordon,yflowers@example.net,uO^6%fDG#2,32,1,Mobility
brentrobinson,alexanderfox@example.com,$v5kYINw%#,61,0,None
tiffanycooper,wilsonwanda@example.net,4w1#6LeiZh,32,6,None
sreed,jcook@example.net,!d38qDPns$,73,6,None
nrivera,megan01@example.net,)1HTVWTbH),28,5,None
melissa52,stephanie04@example.com,w%YA1$MzEE,60,3,Visual
leethomas,savannah97@example.com,m0OTkxbr@&,53,1,None
david85,stevendavis@example.net,h6M@tJS+)m,36,1,Cognitive
lynnhannah,brianahowell@example.org,4*hPO!Mx#6,51,6,Cognitive
pmartinez,brennandavid@example.com,#6)nXwuX_m,28,9,Visual
michelleatkinson,sclark@example.net,M7CHiHqF@3,67,7,None
kallen,hwilliams@example.com,#$ml8QkvoU,55,2,Visual
heather38,mmorris@example.net,wK9y5Hw84!,73,3,None
phernandez,christensenscott@example.com,%40)KXTcai,68,10,None
walkerjennifer,brownsteven@example.net,^+Pl)7Ci85,19,3,None
blloyd,daniellopez@example.org,0_7HlS)c5#,62,0,Visual
torreschristopher,jill65@example.com,#0q@CAfnL*,75,7,None
tjones,lisagonzalez@example.org,)PkOGcqI1N,52,1,None
brian74,myerstimothy@example.net,j(7dZj+cN@,65,2,None
taylor59,megan59@example.com,4dwoGmWQ#D,44,3,None
perezbenjamin,steven01@example.com,lv!)32Ev_F,25,2,None
monica70,gary54@example.com,xUORPJoG^8,22,0,Mobility
toddgalvan,cheryljohnson@example.org,*&IrT1Ze96,21,4,None
mhorn,morgan68@example.org,3O4(P*OvH^,40,0,Visual
krivera,qharrell@example.org,%2MGqMNzxy,33,5,Visual
rittersarah,rmaldonado@example.net,f$LrDiNZ%6,49,8,None
juanhughes,brenda37@example.net,)9D*ccg_xi,23,2,None
gkelly,aluna@example.com,Rh5ZElFu*7,43,9,None
gfranco,fowlerstephen@example.org,iD0W)ELd#I,51,9,None
matthew66,michaelshelton@example.net,1Dd0dKgX%3,23,4,Mobility
christinahernandez,eugene15@example.org,xm*4AiCiZ_,36,4,None
mcbridesamantha,jeffrey55@example.com,wYsM76NuK$,70,9,None
ucastillo,wendy17@example.org,%tP3KJjTNs,77,10,Cognitive
tgutierrez,johnlandry@example.org,@TR5T7dq6Q,59,8,None
sharon75,samuel05@example.com,^7W%qRhlCh,22,5,None
stacey50,desiree40@example.net,z*MA6uS%Ff,72,3,None
iallen,stevenbrown@example.org,+7l3aGpyP$,74,3,None
sarahmatthews,zwhite@example.net,!e_4Jv8nC(,50,9,None
daniel85,ibaker@example.net,(nzTDBxw97,56,1,None
grosales,bradley08@example.com,^(%6^PWpu6,45,10,None
tara93,paullewis@example.org,$g8ILtq&+r,22,5,None
nmcdonald,tiffany97@example.org,ff+2q6FvMh,80,10,Visual
charleswilson,olopez@example.org,iLP50hEl)J,23,1,None
josephruiz,sanfordstephanie@example.com,I31Oo@1+W^,65,8,None
pmckee,kyle63@example.org,zy2RqJea*T,63,5,Cognitive
carolynsuarez,anash@example.net,j!X4N!fqaG,38,10,None
susanmartinez,jennifergarcia@example.com,d)+5BoIIui,53,3,None
floressamuel,brownsarah@example.com,_i1XCBcA40,64,9,None
newmanconnor,okline@example.net,(8Xfx7tFM4,42,1,None
john68,evansphillip@example.net,ohV5IDgQ(4,20,6,None
margaret63,tpearson@example.net,Hu4_NgBBb^,48,6,None
bernardjanice,jenniferballard@example.net,R^&3JjS!V!,65,0,None
hwarren,allenrobert@example.com,A&%1Pi#*AW,65,8,None
jacksonbarbara,don17@example.com,c(43SExLtH,38,7,Mobility
philip72,aelliott@example.org,JH6UqpPT@g,29,6,None
vstone,vincentroberts@example.com,@9J+@njM!7,47,1,None
adrian82,alvarezshawn@example.org,nZN(8Uv^bA,80,5,None
michelesmith,andrew58@example.com,c+11kF8ygh,38,2,None
elliskeith,jessica55@example.com,+Q2GmGnVO2,78,4,Cognitive
seanporter,ujohnson@example.net,Q&XOG7BzAD,21,2,None
jo24,charles05@example.net,(b#4fAJ4b3,71,5,None
belinda66,greenjason@example.net,v_eA7Ipg)O,34,1,Cognitive
leecraig,dyerkelsey@example.org,v8QhISug#0,77,2,None
weaverchristopher,nbarnett@example.com,_2QDw(U5$n,46,2,Visual
lindsay20,kburton@example.org,9K2Dc&Cj%f,77,4,None
aarongarcia,wilcoxjoseph@example.org,TcoPOXZc(0,56,8,None
thomasautumn,doughertyerin@example.com,)Xg7JYlHw(,52,2,None
fburgess,garysherman@example.org,*zd@6WsVT0,71,10,None
kmorgan,jimmy66@example.com,J%eln9Jzg),26,5,None
chowe,brownmelinda@example.net,xio3&ILm+h,77,4,None
kaylareed,donald96@example.com,l1b7TUxc)&,23,1,None
xespinoza,morganponce@example.net,sI)kW8Asxg,59,10,None
pbranch,juliehill@example.org,!1aSJtvm@K,23,0,None
fhendricks,jessicacox@example.net,eltL17JaD*,62,8,None
matthewaustin,dhaynes@example.org,b+0liyJA&f,22,7,None
wilkinsontimothy,leachnathan@example.com,xoSFP+3_*7,39,4,None
jaymoore,larsensusan@example.org,aIJ2bDgJ_3,55,10,None
joneskristin,matthew10@example.com,gpOTX4OB_3,65,2,Cognitive
shane05,jenniferwheeler@example.com,_3a%KcUw#n,44,5,None
rebecca55,michellebernard@example.net,$2S1ZcqP7J,32,4,None
briannacraig,angelamoore@example.com,+Nt4Vh$S##,73,2,None
rebecca08,albertjohnson@example.com,j34Epb%6s@,51,4,None
kimberlyrobles,gabrielcochran@example.org,^+S9A+srx8,50,6,Mobility
claytonjason,brittanywest@example.org,d55QPagi#X,36,4,None
lindsey39,cgilmore@example.net,s2K@h3&k$_,57,8,None
aaron63,burnettcarol@example.org,g8TyvQwj#w,75,1,None
berryrachel,jared86@example.net,@6IH(xVSXv,55,4,Mobility
joseph66,cbailey@example.com,8nN*@jxf##,24,10,None
kyle44,connerjennifer@example.net,l7+^M$k5!g,72,0,None
pauljensen,qlee@example.com,(q8WuMwIF0,21,2,None
vharmon,wrightgabriel@example.com,b!F4o5SP&2,19,2,None
jerry53,peter08@example.net,*+LB77qw7I,64,2,None
michaelsutton,ashleydavis@example.org,*bYrEhPDT1,72,10,Visual
williamsavage,brownrobert@example.net,g)07e6TDit,26,9,Cognitive
gmalone,brandon91@example.net,fu2L7a2k&(,79,5,None
toconnor,susan35@example.org,L)1FhLAOF$,72,9,None
chelseamoran,emitchell@example.com,4pF8M5sF*#,19,10,Visual
shirleyhoffman,timothymiller@example.com,wX47Ma_3$8,27,10,None
ewiley,allisonmaxwell@example.com,BG!v7TGg7&,36,6,None
rweeks,izavala@example.org,u_#Y9YklR_,79,8,Visual
ericmeyers,kadams@example.net,4R(_7cErZ(,30,5,None
sanchezgeorge,conniemeyer@example.com,w#k94K(7ad,25,6,None
kblackwell,danielbarnett@example.net,)jb58wFdqC,58,4,None
ywoodward,angelatodd@example.com,B67DBkMn!U,66,4,None
laurenclark,goodrobert@example.net,$0kEGyuE6+,77,3,None
ydavis,alison13@example.com,ev6OKeii5^,61,10,Cognitive
ncochran,pmartin@example.org,I7XNZ8+f+S,31,6,None
vperez,petersondaniel@example.com,C_t59Ao%ei,38,2,Cognitive
jessica05,terrysusan@example.org,N8Ftcci%)j,77,7,None
jamiehowell,scott11@example.com,9!@G0LXqCi,21,7,None
ctorres,ecollins@example.net,sw)beCFz#6,65,8,None
kerrymay,toddrobin@example.org,g5Cfsc2k^B,58,3,None
unovak,joycefisher@example.com,#7z&WHv^*o,31,3,None
eric32,ebrooks@example.org,&MO@wn+Pd7,30,2,None
timothy19,hansenstephanie@example.com,L#9JWp6cjR,32,1,None
regina33,williamvasquez@example.net,A8MBzBpX&S,55,6,Visual
carla19,margaret58@example.com,$VJNb1rt9Q,48,4,None
xkramer,vholmes@example.net,&g3l@HvGgr,63,4,None
bradleycarter,faulknerdustin@example.com,1TT98YKig#,41,0,None
elizabeth80,murillojeanette@example.com,k6c+IDfP+k,29,0,None
gibsonjoshua,shaffercassandra@example.org,rsI53Efri),38,0,None
adamsangelica,uclark@example.org,_@aYjVGc7o,80,2,None
nhicks,ohammond@example.com,R$!87ZPwH),32,4,None
melissa61,tiffany73@example.org,R(2N)*Mt3N,36,7,None
lindasmith,lisaclark@example.com,T#W7Wj8@)@,67,1,None
martinjohn,ptucker@example.net,+oayX+mjT2,25,8,None
tamara16,crawforddanielle@example.org,g6^m0Zmm@u,42,5,None
michael86,nicholas79@example.com,JGU0vKk1a(,40,7,None
ryan66,pweber@example.org,%qvRpHbFj9,67,9,Cognitive
kaitlynperry,jperez@example.org,VzAK2PK3^$,54,0,None
ajordan,hwilliams@example.com,!2^CQ7js)Q,36,8,Mobility
kingderek,paulamann@example.org,8%%(S5vL#),74,7,Cognitive
hrivera,ann59@example.net,u*39NI(d%*,18,4,None
garrett49,snguyen@example.net,F(MHz8YnG5,80,9,None
javiergray,davidhanson@example.com,_7&Vzrde%7,29,5,Cognitive
darrylvargas,tiffany95@example.com,2u@h@MNu@+,63,6,None
meyerjames,hernandezkatherine@example.com,^KXO+!meL5,36,4,Visual
tiffanycook,swansonjessica@example.com,ZpKt1PTc^V,46,6,None
trevorsnyder,costafrank@example.net,&yG45S8+_6,56,7,None
jonesloretta,jacqueline98@example.com,*u_Svlleb5,60,5,None
bmartinez,ndavis@example.org,!00DXyhr!9,22,9,None
christopher52,jjohnston@example.net,ZlOoqab*%7,80,4,Visual
stephensjulie,davidbailey@example.net,#dK8yXbF1D,54,6,None
meganbrown,stewartdonna@example.org,*(cGM3Jfr&,74,6,None
benjamin78,graytravis@example.net,KS%97qSp#9,48,9,None
zlopez,shaneharmon@example.net,1sa%CFu9#K,34,9,None
hspencer,jeffreydavis@example.net,Wbc9CL&2z&,80,2,None
hedwards,jodismith@example.com,)2FywSr9*J,56,8,None
adrian31,melissa65@example.com,jE_$32CxnJ,73,5,None
jeffrey26,russellgabrielle@example.org,qQMqVTNn_8,62,1,Visual
kirkkaren,jhunt@example.com,E77J5F7j+t,53,1,Visual
daniel31,jennifermaxwell@example.net,5$DMltWz!n,22,2,None
wcastaneda,xstuart@example.org,^+aAN8UbV7,21,0,Mobility
thomasorozco,xstevens@example.com,uzP+JaXV&5,34,6,Cognitive
kristina75,chaseadams@example.org,g1rgImdJ_+,31,4,Mobility
zrodriguez,vrodriguez@example.com,)7v_CwSx((,26,0,Mobility
ohenderson,kirstenhayes@example.com,TV*C&siM%7,68,9,None
patricia45,acevedorebecca@example.net,&2sG^shoAH,71,10,None
tylermatthews,gking@example.net,(_D076Jy&@,63,2,Mobility
jenniferjackson,robertpark@example.net,M#i0ImUaAz,18,6,None
sjackson,kevinjohnson@example.net,$oB4%WikP%,62,3,None
logannathan,courtney87@example.com,)oGTl2+Ls2,79,10,None
gkennedy,william37@example.net,buq59MsL^7,32,2,Cognitive
zsanford,reedconnie@example.net,W)h*6U2w^g,54,0,None
juanstewart,russobeth@example.org,8$7FeQy*E#,70,9,None
carrsharon,ybrown@example.net,+8qsA%^9Lj,76,4,Cognitive
michaelmiller,garyalvarez@example.net,yg3gZT6hu),56,0,None
robert73,amy78@example.org,!&9ZGfYA!P,32,9,Mobility
boneill,dillonmatthew@example.com,$5UEbozQ&w,65,8,None
faith13,yfigueroa@example.org,&4LQtD#r8i,32,1,Visual
jordanmegan,coxdennis@example.com,j(%3Z)Hvbf,54,3,None
michelehebert,louisvelez@example.com,H^k2Ebs*D5,19,10,None
sandra59,carmen07@example.net,g_Q7FteyMW,70,0,None
kaylaberg,melindaperkins@example.org,3J70J%dYF_,69,8,None
parkeramanda,rrice@example.com,_6Z%sfMO@W,25,3,Cognitive
andrew03,donaldray@example.net,sH6#a8Etv_,31,10,Cognitive
maria52,pbaker@example.org,#D0FXRaA*j,80,7,None
uodonnell,denise07@example.net,&yR5q2GufN,71,2,Visual
nicole05,martinmartha@example.com,rhlj6Itk_#,55,3,Mobility
johnryan,allenmiranda@example.org,jtOXgp@F&5,34,6,None
nancy03,woodsharon@example.net,$6kfwK#xX1,50,5,Cognitive
mccoystacey,logan66@example.com,$O252Ai@b3,52,8,Visual
tgill,ljones@example.net,R#9IbBW^&3,70,2,None
beckerjonathon,imorris@example.org,^ZVgrlPr25,25,5,None
mpacheco,isaacdaniel@example.com,&v1Qi3Pr^1,18,6,Visual
delgadoerin,christinamcgrath@example.net,@8lAdPXa$*,68,6,None
joshuapowell,kcortez@example.net,&9Nt@^)6po,61,7,Cognitive
rhonda06,sanchezgerald@example.org,#3VS5S_q61,55,9,None
xbaxter,wjoseph@example.com,1TwXZ8SeZ%,32,7,None
transteven,watsonamber@example.net,nll!0PadyO,25,2,None
rodriguezscott,zoe05@example.net,B#t9tjJktG,34,4,None
holly05,elizabeth23@example.org,+9Bhx*Uu&i,73,1,None
smithamanda,bryanjimenez@example.com,+^R#1fEl_#,39,1,None
opaul,danielpatterson@example.com,(Pyi8hYlt!,71,10,Visual
wknox,stanleybrett@example.org,r775KcmfU_,45,5,None
johnny69,nbarker@example.com,TUZgA0Gyl@,56,0,None
frazieranthony,louis30@example.com,8qJdRury(J,59,10,None
kelleypaul,perezkyle@example.com,mm05CVdJk$,46,9,None
oneilljason,karen19@example.net,&M#BEmQu67,65,3,Visual
williamwalton,billy93@example.net,+IV(IsAu1k,18,4,None
marcus54,robert40@example.com,j0^(Arcd&!,49,7,None
marksummers,frank83@example.org,)*235qTcq_,44,10,None
jenny03,bensonjason@example.net,MW^1J_rWSb,62,6,None
umartin,piercejohn@example.com,^C85Hd5Wxp,73,10,None
walterpetty,stephensrichard@example.com,#_a6aKSx!S,57,6,None
dana73,zwilliams@example.net,7$6TvJO1@q,72,7,None
janetbaker,briannaturner@example.org,%r$0ODfx)R,22,7,None
zwright,rosswayne@example.com,@0Dn7muCOI,69,2,Cognitive
derrick83,pquinn@example.org,6I1aCqzqO@,77,8,None
tracythompson,james24@example.org,A4SCgeKP)o,47,0,Cognitive
daniellerussell,sarahkirby@example.net,SAdq1Rx(O(,80,3,None
maria88,vincent80@example.org,z%4RQP+je8,45,6,None
michelle27,todd86@example.com,#EMLqbjmt3,58,2,None
dgomez,jonathanwaters@example.com,*0LPMsimtz,59,9,None
michaeltrujillo,qgarcia@example.com,_0DjWe8@Ru,27,1,None
bwhite,dominique13@example.org,!!3pR*Cgf^,46,9,None
dustin06,maryfloyd@example.net,YPi^&6n76@,35,6,None
tracy54,brandon56@example.net,+6XIXZrWrh,42,0,None
fordlynn,johnstonemily@example.org,l9nWz$ha#(,50,4,None
jjones,carldavis@example.net,&$C4NxGu3&,19,1,None
rangelashley,qshaw@example.org,ZVYd08Vr)T,63,7,None
kelsey00,zwilcox@example.net,or4LvHm)8^,19,10,None
duncanchristina,cummingserica@example.net,UCl)O2Bjo&,78,7,None
caitlin10,qparker@example.com,^r8hR2^bT3,59,6,None
alexandrafarmer,sarahardin@example.com,C!k86Kfy(_,20,9,None
reginasutton,chad82@example.org,%6!UK@ms7B,54,9,None
ryanwest,alicia11@example.com,V)7EqUrzd#,31,10,None
lozanoian,allenemily@example.com,%9Xa1Jc2+3,61,10,None
janetthomas,roberthamilton@example.com,d3Qdhg*t*I,63,5,None
jasonsmith,zryan@example.com,7Op4WNSd$%,69,7,None
brownwhitney,roachdaniel@example.com,+$&0eAEha$,71,1,None
lauren61,hurstluis@example.com,%2#HY^Iu%M,50,9,None
jennifer40,francomaria@example.com,#Bb!o1KfBt,61,0,Mobility
chad08,nicholas96@example.org,5OVzlCes)*,26,8,Visual
leonarddavid,woodwardjason@example.com,Y+0+0BvPO_,18,2,Cognitive
mbrown,blake41@example.net,&4CDfV8hi^,23,10,Mobility
robertlopez,hcruz@example.net,cF$(6YLdi+,72,4,None
panderson,renee23@example.net,^+WWQERk33,67,9,Visual
anna02,dominguezkelsey@example.net,(1KmMy2tDw,33,8,None
mrichmond,josebell@example.org,0#oE_&Wv%5,57,7,None
christopherschmitt,mcclaincrystal@example.net,VGh8PXAj&%,42,7,None
nathan22,mark31@example.net,eI2xI&7v&p,34,3,Cognitive
cindyanderson,wrighttracey@example.org,zJ$0HWob9u,60,3,None
emily41,qward@example.com,&s523Ke7S(,80,4,None
kristen29,lsimon@example.net,8d6Q5Xeg)d,21,10,Cognitive
jessicacooper,howardedwards@example.com,3_bj1J!!Jv,23,2,Cognitive
alison76,vhatfield@example.net,a)1kD@g0gs,35,4,None
hernandezamanda,cannonstephen@example.org,%w8uE8u0&O,30,6,None
jacob38,churchdebra@example.com,Ng02WNjig&,52,10,None
daniel58,paul69@example.net,(QGUxFn*54,47,1,None
matthewsdawn,toni02@example.net,iz^2DeiH(e,25,2,Visual
stephen85,cameron78@example.net,%c*$x6Jt4b,52,5,None
lli,kevin13@example.com,%6_Je&mP(N,57,3,Visual
normastephens,sheilaking@example.net,JQsa3!@nw#,53,6,None
clivingston,rachel57@example.org,9!1XNllY!v,69,4,None
tammyblack,kmullins@example.net,)Np4!Qpo%!,41,5,None
marshallshaun,juanmiller@example.org,YQ1ID+LsX&,54,9,None
hostephanie,jonesheather@example.org,+98NCO+pCW,75,1,None
weaverdenise,johnsonashley@example.com,)171NNkh@w,62,4,Cognitive
charleskenneth,victor66@example.com,_tnEBCBu8Q,25,4,None
kimandrew,tylerhall@example.com,$7*JoWjQgJ,29,0,None
williamlynch,amanda44@example.org,Rp*2xS2iFY,35,3,None
michael67,lorettahernandez@example.com,hpZE$HNl@1,32,6,None
holiver,montgomeryjack@example.com,!5ZGR@CLno,42,6,Visual
andrereed,sgood@example.net,*1JRyuLgQq,79,9,Mobility
hmcdowell,paynemark@example.net,!zGX15!E84,73,7,None
qramirez,vcook@example.com,_aUxHyWm9T,55,3,None
emilyholmes,meghanortiz@example.org,cRQ&p%d($7,28,3,None
ablake,karenbaxter@example.com,vZej5Ohdt_,48,1,Visual
medinajonathan,yvazquez@example.com,H)40S)6hql,67,4,None
georgejulia,jonathanmolina@example.com,9X6(mVt!9+,51,2,None
brownbryan,jashley@example.net,kXTm&TxF*4,69,3,Mobility
kenneth27,amber54@example.org,@F5&RuHHx5,27,9,None
briannamorton,joseph39@example.com,I8dBP(hv!R,59,2,None
carmenshields,ttaylor@example.net,kD&RwJPI!1,35,8,Cognitive
kburns,byrdheather@example.net,TyZ2KhiaZ^,47,4,Visual
hamiltoncarol,uwilson@example.org,O092YFLg&+,70,5,Visual
sgrant,teresalewis@example.net,Sz@F8PgkG8,42,0,None
davidsparks,james86@example.org,m*S6DnNr*i,47,0,None
jimenezbarbara,howelaurie@example.org,#1E#tQDF2G,26,6,None
alyssaphillips,paula24@example.org,@phtAiTt9R,72,8,None
bradleyjanet,richardingram@example.net,iDq6WG1p*5,42,3,None
pcopeland,dlee@example.com,SC9AMkIe*c,63,0,None
morganthomas,julie68@example.net,wTkHr3Tg!N,65,2,Visual
richard72,dakotataylor@example.net,)f)8EIDkGD,66,10,Visual
alexwilliams,kevinprice@example.com,+8UToOu7#8,80,3,None
smithmary,jennifer58@example.com,tDm2Dq%T+u,79,0,Cognitive
brianmarshall,hannah25@example.org,$3wIMAt2Vy,49,10,None
dfarmer,logan05@example.com,%RLKgWWZ%8,39,3,None
deckerlori,fcollier@example.com,&NVF5GsC*8,48,8,Visual
jennifer79,brittany97@example.net,Z@33^Xvx$O,27,2,None
wellsalice,smithautumn@example.net,#OSe3F6n^4,50,6,Mobility
jerry41,stevensonmichael@example.com,W6HTqS1c)K,25,1,Visual
stevenatkins,nichole85@example.org,_2*vV0Vkm%,55,10,None
alexwilson,rcruz@example.net,vatP1MKJ3&,76,9,None
ebenson,jason38@example.net,(QDsX3VzJ2,41,1,None
xreed,ohanson@example.net,&j6z7xGnlT,58,3,Mobility
jeromegardner,cooleytina@example.org,&DJRP&o$3Y,34,9,Visual
kenneth62,kcontreras@example.org,)r9fXfK*@A,76,10,None
ypreston,robertreed@example.com,sWD36$CdI+,80,3,None
gshepherd,mike08@example.org,S2*PLdL8(s,75,5,None
andrea61,nicoleglover@example.net,z1(5qWtJ3c,24,2,None
wilkinsontommy,george59@example.com,^9Ql^XesO9,66,9,None
sarah52,lorrainewalsh@example.com,0+DG9Zqu(A,66,3,Mobility
dawn50,berryanne@example.com,SCRm9bMk@F,67,5,None
kellystrickland,gabriel78@example.org,()QiUolU51,29,5,None
georgegloria,robert07@example.com,77*V6AfY^u,29,9,Mobility
martinezcarolyn,adrianvazquez@example.com,^%5sW$oNwa,43,4,None
mark64,smithjacqueline@example.net,3oVaGCEs#Q,30,9,None
kristina81,dschmidt@example.com,+2cYXupvHJ,71,2,None
mccarthyheather,hkennedy@example.com,^f0JVRJfz),68,1,None
garnermarissa,anthony73@example.org,TU5OyOQbr*,64,2,None
michelle99,kjacobs@example.net,kO&M1T(gnu,23,6,Cognitive
michaelgutierrez,xkim@example.com,Q)inWsdl)4,39,2,None
wcline,glenncourtney@example.com,z5IQ&HVk)D,30,10,Cognitive
chris25,vancejohn@example.com,dN#8vNhn*q,54,3,None
jortega,justin11@example.org,%z4IF&b)_2,44,3,Mobility
xjoseph,louisshelton@example.com,d*952S+a1$,57,7,Mobility
kathrynsmith,briangreen@example.net,#kD*Z$&pt4,46,7,Mobility
keithwalton,marcus99@example.com,9(E5PHQpOB,69,9,Visual
tim22,nathaniel78@example.org,aq2PdTiTL@,46,0,Cognitive
zaguirre,mark67@example.com,fvbvFbl0)3,69,4,None
brookewillis,ppowell@example.org,rSigTQl_%6,70,5,Cognitive
csimon,kgallagher@example.com,q%%2W6ZoYm,57,2,None
nnixon,sandra97@example.org,MH!hvHhu)7,76,8,None
johnsonrichard,wuerika@example.com,@2Fpnz(3(i,74,8,None
jensenrussell,jackavery@example.net,*GZo@bzVd8,51,0,None
alechines,roweshannon@example.net,(1mM5ws8oK,76,0,Visual
patriciabailey,james13@example.net,#x4PgdeS16,62,5,None
samanthabaker,fwright@example.net,6!8C+meZMs,79,9,None
eward,collinsbrian@example.com,$0_vZOwkDR,72,8,Visual
justinrodriguez,timothy43@example.org,(^89Z9Tw6^,34,2,None
snyderscott,qsmith@example.com,P5G_hgZr$8,60,1,None
rodney60,benjaminwright@example.com,$X^Q0H@pV1,40,10,Cognitive
qwallace,lesliewong@example.net,9#p2eXz^_U,53,0,None
lindsey45,lisageorge@example.com,WT#ZBhro_0,34,5,Visual
heather36,sherryballard@example.net,@9ueJ#hw0+,28,2,None
jasminemartin,thompsonmichael@example.org,98jhKrVt@S,49,1,Mobility
keith33,shelby97@example.org,!2&ZU+zeO4,18,1,None
phillipsmith,patrick39@example.net,rd8_I@1AF%,45,4,None
barryfreeman,keith11@example.net,X!#6B8Cww9,35,6,None
kbeck,sarah68@example.com,6$(5Jkp*!o,21,9,Mobility
kingtyler,lewiselizabeth@example.net,1fB6ZbVmd*,64,1,None
johnsonmegan,christopher21@example.org,z+!3UPn3*s,51,0,None
vanessaarias,valeriejohnson@example.org,TL7MzeCf!3,36,9,None
sharonmann,odavis@example.org,%eW(XgTzA0,20,5,Mobility
crystaldudley,qchang@example.org,1_vzI+ds^4,21,10,None
erik69,christopher15@example.org,hm6HqrDUZ_,25,3,None
lestertracy,michelleboyer@example.org,36Af3Xf!*Y,73,3,None
joyduncan,alisha12@example.com,rmxb$Mfz&2,29,8,None
ogarcia,travisgray@example.net,z813Jr0I#G,75,9,None
jackiecarrillo,jenniferjackson@example.com,^Q8Teuwq+&,66,6,None
brett59,williamlopez@example.org,&h7aBwvZV1,55,7,None
andresbailey,lesliehernandez@example.org,!ZPky^3r4S,66,0,None
portermichelle,kelleylinda@example.net,uX3XW^t+!0,74,10,None
michelle46,princewilliam@example.com,gI)MF@Jv^1,63,0,None
warrenvictor,amberbentley@example.net,k0yTbfz#+I,59,3,None
diana27,andrewdominguez@example.net,V+g2Ke_tip,71,6,Cognitive
feliciawright,catherineray@example.org,j#W$p4VShl,20,8,None
dominiquedominguez,gjenkins@example.org,&^NttGeL14,50,2,None
laura53,sarah27@example.org,eDMsyEM9+3,47,2,None
matthewskaren,kwalters@example.net,Qd2nAwxDk$,59,4,None
jason44,jamesgrant@example.com,r%4R0a+RQt,73,5,None
qmedina,zhall@example.net,+4m0IMBggo,42,1,None
brenda20,cgross@example.org,KrT!C%Y_@5,28,5,None
watsonmatthew,matthewyoung@example.org,(vp3QJSwd(,44,8,None
georgedorsey,thompsonangelica@example.net,(oR8FmtT_Y,23,4,Mobility
jessica87,ojones@example.com,UJSsVcS1+8,50,8,None
benjamin70,littlerobert@example.net,7Ts9Ksee$_,69,1,Cognitive
zharper,xcooper@example.com,!K#q%7BpvO,49,8,None
amy01,hector49@example.org,_Zy8MQ(vo6,54,9,None
psmith,travissweeney@example.net,$WF&vncsT1,27,9,None
douglascannon,lisa08@example.net,+LgQA%m%@4,77,7,None
karenwilliams,gonzalesrobert@example.com,E(m1V7YwMd,35,5,None
jasonmcconnell,michellecole@example.org,c3_Ph&__^_,25,3,None
cartertammy,rebecca35@example.com,&HKIHUkR5n,74,6,Mobility
jonathonbridges,yoneal@example.org,t0*K%1Pu7T,74,10,None
smithsusan,peterturner@example.com,q)4oUGye+f,67,0,None
walkerangela,pwallace@example.com,$g1Hq^x!2H,67,10,Visual
jennifermiller,fburke@example.com,C+*3XuyRtD,50,3,None
wilsonmelissa,jeffreyperry@example.org,)XB4a$Mv54,70,3,None
michael75,lopezdawn@example.com,W%8_aJhkhx,31,8,None
aaronmiller,john28@example.org,*0aX_Uh@DG,38,9,Visual
figueroabrendan,tjacobs@example.org,&q7ACLpL(7,80,9,None
bfisher,zreed@example.com,G41jBm*Ia&,47,5,None
kellywarren,cdavis@example.net,53WYv2@&)b,69,5,None
christophercopeland,nicole79@example.org,(1Ebhi0ftR,33,2,None
kellybranch,moorebenjamin@example.org,4&RHSviq@2,58,6,Mobility
williamsamy,vhicks@example.net,F1P4L2Ec@k,78,10,Cognitive
robinleonard,michaelwalker@example.net,@O6nFl%eb_,62,0,None
savannahcox,taylor79@example.net,G%k7iGjtb#,55,8,Mobility
thomas66,chelseacox@example.org,slE(rs6!+4,62,4,Mobility
dale16,gonzalezamber@example.com,^*ZrLzsnC5,23,1,None
barbarabarnes,audrey91@example.com,%x16S8LrYv,31,10,None
